t,c(t) analytical,c(t) numerical,W(t) analytical,W(t) numerical
0,0.025000,0.025000,1.000000,1.000000
5,0.021991,0.021991,0.879628,0.879628
10,0.019421,0.019421,0.776852,0.776852
20,0.015148,0.015148,0.605923,0.605923
30,0.011768,0.011768,0.470713,0.470713
50,0.007159,0.007159,0.286361,0.286361
