Initial k,k / k*,c(0) (saddle),k(50),c(50)
2.0724,0.25,0.867114,7.9150,1.5617
4.1449,0.50,1.168448,8.0524,1.5740
6.2173,0.75,1.399473,8.1751,1.5850
12.4347,1.50,1.685628,33.4255,0.7531
16.5796,2.00,1.707172,40.5534,0.6226
